StateCodes,State,Region,Division,Coast,Great Lakes,TotalC2010,TotalC2011,TotalC2012,TotalC2013,TotalC2014,TotalP2010,TotalP2011,TotalP2012,TotalP2013,TotalP2014,TotalE2010,TotalE2011,TotalE2012,TotalE2013,TotalE2014,TotalPrice2010,TotalPrice2011,TotalPrice2012,TotalPrice2013,TotalPrice2014,TotalC10-11,TotalC11-12,TotalC12-13,TotalC13-14,TotalP10-11,TotalP11-12,TotalP12-13,TotalP13-14,TotalE10-11,TotalE11-12,TotalE12-13,TotalE13-14,TotalPrice10-11,TotalPrice11-12,TotalPrice12-13,TotalPrice13-14,BiomassC2010,BiomassC2011,BiomassC2012,BiomassC2013,BiomassC2014,CoalC2010,CoalC2011,CoalC2012,CoalC2013,CoalC2014,CoalP2010,CoalP2011,CoalP2012,CoalP2013,CoalP2014,CoalE2010,CoalE2011,CoalE2012,CoalE2013,CoalE2014,CoalPrice2010,CoalPrice2011,CoalPrice2012,CoalPrice2013,CoalPrice2014,ElecC2010,ElecC2011,ElecC2012,ElecC2013,ElecC2014,ElecE2010,ElecE2011,ElecE2012,ElecE2013,ElecE2014,ElecPrice2010,ElecPrice2011,ElecPrice2012,ElecPrice2013,ElecPrice2014,FossFuelC2010,FossFuelC2011,FossFuelC2012,FossFuelC2013,FossFuelC2014,GeoC2010,GeoC2011,GeoC2012,GeoC2013,GeoC2014,GeoP2010,GeoP2011,GeoP2012,GeoP2013,GeoP2014,HydroC2010,HydroC2011,HydroC2012,HydroC2013,HydroC2014,HydroP2010,HydroP2011,HydroP2012,HydroP2013,HydroP2014,NatGasC2010,NatGasC2011,NatGasC2012,NatGasC2013,NatGasC2014,NatGasE2010,NatGasE2011,NatGasE2012,NatGasE2013,NatGasE2014,NatGasPrice2010,NatGasPrice2011,NatGasPrice2012,NatGasPrice2013,NatGasPrice2014,LPGC2010,LPGC2011,LPGC2012,LPGC2013,LPGC2014,LPGE2010,LPGE2011,LPGE2012,LPGE2013,LPGE2014,LPGPrice2010,LPGPrice2011,LPGPrice2012,LPGPrice2013,LPGPrice2014,GDP2010Q1,GDP2010Q2,GDP2010Q3,GDP2010Q4,GDP2010,GDP2011Q1,GDP2011Q2,GDP2011Q3,GDP2011Q4,GDP2011,GDP2012Q1,GDP2012Q2,GDP2012Q3,GDP2012Q4,GDP2012,GDP2013Q1,GDP2013Q2,GDP2013Q3,GDP2013Q4,GDP2013,GDP2014Q1,GDP2014Q2,GDP2014Q3,GDP2014Q4,GDP2014,CENSUS2010POP,POPESTIMATE2010,POPESTIMATE2011,POPESTIMATE2012,POPESTIMATE2013,POPESTIMATE2014,RBIRTH2011,RBIRTH2012,RBIRTH2013,RBIRTH2014,RDEATH2011,RDEATH2012,RDEATH2013,RDEATH2014,RNATURALINC2011,RNATURALINC2012,RNATURALINC2013,RNATURALINC2014,RINTERNATIONALMIG2011,RINTERNATIONALMIG2012,RINTERNATIONALMIG2013,RINTERNATIONALMIG2014,RDOMESTICMIG2011,RDOMESTICMIG2012,RDOMESTICMIG2013,RDOMESTICMIG2014,RNETMIG2011,RNETMIG2012,RNETMIG2013,RNETMIG2014
AL,Alabama,3,6,1,0,1931522,1905207,1879716,1919365,1958221,1419613,1400108,1433370,1463647,1353725,21630.5,24447.7,24192.8,24127,24146.5,17.82,20.1,19.96,19.02,18.64,98.63760289,98.66203515,102.109308,102.0244195,98.626034,102.3756739,102.1122948,92.48985582,113.0242019,98.95736613,99.72801825,100.0808223,112.7946128,99.30348259,95.29058116,98.00210305,169088,179611,181878,194432,186649,718684,651032,547004,565051,575912,493094,468671,488084,469162,414366,2135.6,2009.7,1808.8,1731.6,1677.3,2.97,3.09,3.31,3.06,2.91,310023,303652,294055,299751,308765,7833,7846.1,7665.7,7901.4,8363.3,26.44,27.08,27.32,26.47,27.2,1785688,1783839,1740315,1689491,1724891,138,135,141,141,141,0,0,0,0,0,84919,86313,70754,123071,90030,8704,8884,7435,12899,9467,544405,609288,677380,625869,651532,3222.2,3122.6,2595.8,3090.9,3521.2,6.65,5.72,4.28,5.38,5.81,13088,10343,8628,9094,8460,316.7,273.8,212,221.7,226.6,24.2,26.48,24.58,24.45,26.79,172033,175198,178520,179132,176220.75,178552,181046,183004,185090,181923,186696,188403,186620,187414,187283.25,190409,190133,192492,193387,191605.25,193223,196565,200215,200135,197534.5,4779736,4785822,4801695,4817484,4833996,4849377,12.45181625,12.28088177,12.02634207,11.99148272,10.18198977,10.05907053,10.30847083,10.28422637,2.269826484,2.221811238,1.717871249,1.707256346,1.032384089,1.169746399,1.165831562,1.157861006,-0.020443249,-0.168413541,0.396415887,0.420101549,1.011940839,1.001332858,1.562247448,1.577962555
AK,Alaska,4,9,1,0,653221,653637,649341,621107,603119,1738207,1641980,1563102,1513859,1475129,6473.9,8050.4,7884.5,7281.9,6890.6,20.13,24.91,25.09,24.6,24.43,100.0636844,99.34275446,95.65189939,97.10388065,94.46400803,95.1961656,96.84966176,97.44163756,124.3516273,97.93923283,92.35715645,94.62640245,123.7456533,100.7226014,98.04703069,99.30894309,4178,4247,4032,5168,5476,14548,15481,15521,14819,18225,33556,33524,31332,24917,22944,49.9,59.6,63,72.6,88.8,3.43,3.85,4.06,4.9,4.87,21315,21562,21893,21387,21034,912.4,1004.6,1035,1005.2,1055.8,43.29,47.13,47.84,48.37,51.27,634777,635981,629768,600660,581369,153,214,186,186,186,0,0,0,0,0,13982,13066,14988,13696,14633,1433,1345,1575,1435,1539,334978,339819,347228,332963,329585,479.2,545.1,513.9,495.4,480.8,6.41,6.61,6.26,6.78,6.99,1353,1247,1314,1272,1190,35.6,36.9,36,33.2,32.9,26.79,29.78,27.47,26.07,27.65,52307,53673,54846,56054,54220,55815,59539,59788,62131,59318.25,61498,62216,61718,61022,61613.5,60686,59632,60396,58849,59890.75,59040,59078,57776,56373,58066.75,710231,713856,722572,731081,737259,736732,16.29737098,15.29663544,15.24170151,15.22533041,5.452413905,5.419450171,5.520519771,5.759872347,10.84495707,9.877185271,9.721181743,9.465458066,2.123322575,3.784947302,3.203617691,2.86975972,-1.175137215,-1.949571184,-3.789313102,-13.75449375,0.94818536,1.835376118,-0.585695411,-10.88473403
AZ,Arizona,4,8,0,0,1383531,1424944,1395839,1414383,1422590,580948,617956,598039,594994,635050,19372.7,22628.6,22872.4,22841.1,22609.6,22.25,25.62,26.41,26.05,25.94,102.9932831,97.95746359,101.32852,100.580253,106.3702775,96.77695499,99.49083588,106.7321687,116.8066403,101.0773976,99.86315384,98.98647613,115.1460674,103.0835285,98.63687997,99.57773512,29289,28565,27267,26492,31481,457909,459909,420570,454865,447849,167930,174841,161374,163691,173337,829.1,917.2,879.9,946.8,944.6,1.81,1.99,2.09,2.08,2.11,248506,255708,256116,258159,260328,7058.8,7278.6,7361,7669.3,7764.4,28.4,28.46,28.74,29.71,29.83,1292346,1253992,1248032,1289119,1256577,339,345,345,345,345,0,0,0,0,0,64606,89135,63918,56432,58185,6622,9174,6717,5915,6118,336208,293134,339043,340375,315448,2198.8,2084.4,1802.3,2026.2,2155.7,6.86,7.45,5.52,6.19,7.15,7838,8759,6522,7576,7373,219.9,279.9,188.4,223.3,223.2,28.05,31.96,28.88,29.47,30.28,242824,246487,248985,251036,247333,250849,252785,255797,263051,255620.5,263989,267723,266222,266589,266130.75,267422,269470,271592,275806,271072.5,277139,280117,284216,284763,281558.75,2915918,2922297,2938430,2949300,2958765,2966369,13.11919153,13.11303338,12.93113735,12.84325384,10.0403926,10.10304481,9.874975986,9.866781072,3.078798927,3.009988569,3.056161366,2.976472768,0.976329387,1.042846734,1.090035401,1.091283336,1.3414718,-0.420875278,-0.580562333,-1.313050473,2.317801188,0.621971456,0.509473068,-0.221767136
AR,Arkansas,3,7,0,0,1120632,1122544,1067642,1096438,1114409,1247709,1391190,1472778,1432074,1454325,12269.4,14178.8,13755.5,14102.1,13884.9,16.9,19.67,19.98,19.54,18.87,100.170618,95.10914494,102.6971588,101.6390348,111.4995564,105.8646195,97.23624334,101.5537605,115.5622932,97.01455694,102.5197194,98.45980386,116.3905325,101.5760041,97.7977978,96.57113613,94865,97160,96248,95356,95963,293689,306119,296732,327099,339214,718,2985,2077,1433,1864,510.6,592.2,673.3,789.4,820.9,1.74,1.93,2.27,2.41,2.42,164439,163530,159885,159283,160638,3393.3,3446.6,3456.4,3686.7,3703.5,21.57,22.02,22.56,23.29,23.19,909827,932878,918078,936796,939788,773,750,808,808,808,0,0,0,0,0,35697,28738,20921,25329,25104,3659,2958,2198,2655,2640,274774,288906,300572,286352,274767,1791.7,1902.9,1496.5,1679,1849.4,7.23,7.36,5.53,6.44,7.44,10016,8992,7733,8864,9145,224.3,240.3,191,217.7,235.6,22.4,26.72,24.71,24.62,25.8,101063,104880,106687,107085,104928.75,107489,109096,110054,110874,109378.25,111113,112045,111813,111193,111541,115150,115863,117378,118215,116651.5,118742,120967,121792,122758,121064.75,6392017,6411999,6472867,6556236,6634997,6731484,13.36451617,13.13613071,13.17647865,12.99788628,7.47419492,7.483554317,7.666455441,7.742950445,5.89032125,5.65257639,5.51002321,5.254935835,1.967113977,2.023930581,2.141877109,2.129805145,1.36951366,5.13128187,3.910475996,6.280635868,3.336627637,7.15521245,6.052353105,8.410441013
CA,California,4,9,1,0,7760629,7777115,7564063,7665241,7620082,2532205,2634789,2334863,2390424,2413494,117090,135097.7,135932,137050.7,137719.8,20.97,24.35,24.97,24.85,25.31,100.2124312,97.26052656,101.3376145,99.41086001,104.0511728,88.61669758,102.3796257,100.9651008,115.3793663,100.6175531,100.822985,100.4882135,116.1182642,102.5462012,99.51942331,101.8511066,280124,282581,280963,294412,298473,54972,55264,43832,38151,39486,0,0,0,0,0,161.4,173.1,133.6,129.5,135.3,2.94,3.13,3.05,3.39,3.43,882107,893745,885544,891666,895939,33381.8,33919.1,34852.5,37028.1,39424.1,38.23,38.35,39.75,42.01,44.49,5741492,5550201,5687343,5755210,5702418,124981,124092,121269,119556,117226,12600,12552,12519,12307,12102,326152,413488,255384,226643,157213,33431,42557,26837,23755,16531,2325411,2196252,2456371,2483208,2417476,14914.1,14353.7,13009.6,14808.6,16127.9,6.97,7.08,5.72,6.51,7.39,63022,62639,55405,54438,51472,1669.8,1921,1492.5,1493.1,1424.7,27.58,31.26,27.66,27.94,28.42,1920145,1943428,1963650,2016517,1960935,2009857,2028547,2039061,2047926,2031347.75,2084370,2106228,2125468,2170343,2121602.25,2157886,2186852,2223967,2292221,2215231.5,2274103,2312827,2352770,2360282,2324995.5,37253956,37336011,37701901,38062780,38431393,38802500,13.58689192,13.13081487,13.22215746,13.10054383,6.355533987,6.326351457,6.553597226,6.623698225,7.23135793,6.804463415,6.668560231,6.476845599,3.923456719,3.94672024,4.207353154,4.177388805,-1.162079243,-1.173950696,-1.341226344,-0.830982325,2.761377475,2.772769544,2.866126809,3.34640648
CO,Colorado,4,8,0,0,1513547,1470445,1440781,1470844,1477177,2561459,2750097,2921385,2838193,3041634,16888.5,19269.7,19295.6,19670.7,19994.4,17.4,21.28,21.81,21.14,21.25,97.15225229,97.98265151,102.0865767,100.4305691,107.3644747,106.2284349,97.15230961,107.1679762,114.0995352,100.1344079,101.9439665,101.6455947,122.2988506,102.4906015,96.92801467,100.5203406,28210,30883,30680,35382,36073,382623,368871,370085,363532,350526,551825,586847,629645,529096,528242,609.9,637,689.4,703.4,683.5,1.59,1.73,1.86,1.93,1.95,180555,182400,183174,182343,182189,4786.2,4963.2,4987.6,5258.2,5345.7,26.9,27.61,27.63,29.01,29.52,1370758,1304903,1282352,1303825,1313834,721,741,759,759,759,0,0,0,0,0,15398,20235,14247,11572,16831,1578,2083,1497,1213,1770,510877,481614,461056,487445,499668,2574,2334.4,2064.6,2355.3,2686.4,6.6,6.79,6.32,6.35,7.13,16395,16036,15118,17952,16341,365.4,412.2,332.3,423.8,419,22.53,25.76,22.09,23.81,25.76,254636,255536,258470,263951,258148.25,261686,265084,268296,272119,266796.25,272831,277087,278751,281918,277646.75,284393,285932,290328,294583,288809,297651,303235,308580,312001,305366.75,5029196,5048575,5119661,5191709,5272086,5355866,12.96547405,12.55681835,12.53426697,12.47352265,6.297847532,6.343095049,6.439155201,6.461640023,6.667626519,6.213723298,6.095111764,6.011882628,1.749762692,2.107188473,2.074199657,2.010735464,5.183396609,5.553675215,6.977583181,7.587162607,6.933159301,7.660863687,9.051782838,9.597898071
CT,Connecticut,1,1,1,0,764970,739130,725019,754901,750019,203188,195792,205073,207118,197271,14245,15498.1,15126.6,15364.3,15483.4,25.62,28.13,28.66,27.69,27.84,96.62208976,98.09086358,104.1215472,99.35329268,96.36002126,104.7402345,100.9972059,95.24570535,108.7967708,97.60293197,101.571404,100.7751736,109.7970336,101.8841095,96.61549197,100.5417118,35716,33958,32800,34153,36011,28711,6081,9290,7679,9097,0,0,0,0,0,99.1,22.4,33.3,32.3,38.8,3.45,3.68,3.59,4.21,4.27,103697,101879,100628,101761,100157,5283.1,4881.5,4584.5,4669.1,5004,50.95,47.91,45.56,45.88,49.96,562060,557282,544358,560141,559695,20,19,21,21,21,0,0,0,0,0,3811,5513,2970,3835,4127,391,567,312,402,434,203814,236016,236260,241509,240614,1743.7,1788.9,1630.6,1922.3,2162,8.86,7.79,7.05,8.11,9.17,9425,10092,8988,10949,10083,270.2,323.1,281.3,330.7,329.9,28.67,32.01,31.29,30.21,32.71,225891,230757,232413,232368,230357.25,231390,234214,231981,231498,232270.75,237285,237674,238267,240063,238322.25,240034,240172,243540,245922,242417,246589,250651,252532,253283,250763.75,3574097,3579345,3590537,3594362,3599341,3596677,10.49752283,10.25790342,10.11023113,10.14422143,8.179493052,8.098652465,8.197169108,8.220935523,2.318029781,2.159250951,1.913062021,1.923285906,4.501329311,4.552325649,4.753601865,4.730949811,-3.384435058,-5.611491546,-4.731638212,-7.286251924,1.116894253,-1.059165898,0.021963654,-2.555302113
DE,Delaware,3,5,1,0,250212,272568,273728,273716,274013,3575,3976,3530,3818,4189,3584.1,3987.7,4040.4,3856.6,3848.5,23.5,25.32,24.83,24.28,23.77,108.9348233,100.4255819,99.99561609,100.1085066,111.2167832,88.78269618,108.1586402,109.7171294,111.2608465,101.3215638,95.45094545,99.78997044,107.7446809,98.06477093,97.78493758,97.89950577,6901,6781,5972,5977,6249,30253,17881,17384,18254,10238,0,0,0,0,0,101.3,61,58.3,58.4,31.5,3.35,3.41,3.35,3.2,3.08,39599,39181,39304,38719,38687,1389.5,1309.2,1266.4,1215.7,1239.2,35.09,33.73,32.48,32.11,33.16,171414,201518,221203,213411,213655,414,401,430,430,430,0,0,0,0,0,0,0,0,0,0,0,0,0,0,0,56087,81710,104421,100106,106854,524.2,708.3,747.7,701.7,752.7,9.37,8.92,7.43,7.86,7.83,5323,4730,4306,4675,4872,145.8,143.4,129.8,139.5,154.3,27.4,30.31,30.15,29.84,31.67,56555,56918,58152,59070,57673.75,58760,59581,60648,60064,59763.25,61230,61132,60865,59870,60774.25,60295,60868,61092,63440,61423.75,63270,65382,66893,66394,65484.75,897934,899731,907829,916881,925240,935614,12.50304278,12.22879252,11.95686928,11.96654869,8.714510168,8.438601202,8.850667247,8.896990307,3.788532608,3.790191318,3.106202036,3.069558386,2.436433645,2.62288254,2.608949141,2.565488749,2.866848127,3.598380017,3.397170979,5.148173903,5.303281772,6.221262557,6.006120119,7.713662652
FL,Florida,3,5,1,0,4282673,4141711,4029903,4076406,4121680,510201,500907,442188,542570,553738,59825.6,67345.1,66380,66108.5,66413.6,22.05,25.41,25.56,25.13,24.91,96.70855094,97.30043936,101.1539484,101.1106352,98.178365,88.27746468,122.701204,102.0583519,112.569034,98.5669336,99.59099126,100.461514,115.2380952,100.5903188,98.31768388,99.12455233,246789,245557,244646,253961,250043,637416,552730,482984,505155,557882,0,0,0,0,0,2218.8,1959.7,1697.6,1736.5,1857.5,3.48,3.55,3.51,3.44,3.33,788887,768009,752941,757189,771379,24459.8,23880.2,23028.6,22678.3,24339.3,31.01,31.09,30.58,29.95,31.55,3491560,3357837,3327632,3273949,3350291,9516,9799,10056,10056,10056,0,0,0,0,0,1731,1769,1432,2425,2010,177,182,151,254,211,1180462,1235953,1348390,1245287,1246670,7967.6,7700.7,6982.5,6852.9,7468,6.91,6.33,5.27,5.59,6.04,20915,19205,17524,16807,16502,606.1,605.1,466.2,448.1,481.4,28.98,31.51,26.6,26.66,29.18,719622,728391,733761,737272,729761.5,726334,735398,735955,743290,735244.25,755874,759527,772349,770832,764645.5,785988,788550,800948,813888,797343.5,817288,830355,842257,852414,835578.5,18801310,18852220,19107900,19355257,19600311,19893297,11.23331539,11.13002763,10.95124579,10.86591025,9.193648492,9.03425582,9.431565726,9.475052267,2.039666893,2.095771806,1.519680062,1.390857984,5.819212373,5.597252456,5.783717491,5.687300082,5.540393445,5.125320316,4.918783369,7.01612271,11.35960582,10.72257277,10.70250086,12.70342279
GA,Georgia,3,5,1,0,3100144,2982837,2767491,2782782,2850990,561796,549483,555238,581082,597955,37231.8,42315.7,39837.2,39938.5,39727.8,18.25,21.49,21.73,21.37,20.95,96.216079,92.78049722,100.5525221,102.4510723,97.80827916,101.0473481,104.6545806,102.903721,113.6547253,94.14283587,100.2542849,99.47243887,117.7534247,101.1167985,98.34330419,98.03462798,204742,210583,207725,233509,252985,767906,634756,435546,426184,482657,0,0,0,0,0,2993.6,2400.3,1529.9,1371.6,1521.1,3.9,3.78,3.51,3.22,3.15,479971,465298,446900,445257,463315,12409.5,13108.5,12274.7,12647.6,13613.7,26.07,28.17,27.47,28.41,29.38,2324200,2142535,1946907,1928374,1985059,300,291,315,315,315,0,0,0,0,0,32407,26282,21281,35431,29142,3322,2705,2236,3714,3064,541691,532310,625008,635287,666771,4545.8,4165.2,3830.1,4417.7,4963.1,8.66,7.98,6.23,7.06,7.52,22767,18607,20507,17424,19087,561.3,503.2,527.1,433.8,517.8,24.68,27.04,25.7,24.9,27.13,400264,405744,409994,415994,407999,413285,416898,421639,423844,418916.5,430182,435187,437646,436896,434977.75,446687,447287,451124,458636,450933.5,460267,468705,477211,481335,471879.5,9687653,9714464,9813201,9919000,9994759,10097343,13.58401017,13.36596967,13.00236686,12.87958821,7.280747596,7.134531014,7.483770392,7.521064745,6.303262577,6.231438652,5.518596464,5.358523464,2.269190915,2.574066623,2.510525512,2.470423453,1.105815775,1.852200877,-0.576887568,2.200466631,3.375006689,4.426267501,1.933637944,4.670890084
HI,Hawaii,4,9,1,0,278046,287113,280171,281329,281206,16245,18378,20485,25465,27166,5854.8,7668.6,7840.3,7645.3,7378.6,30.43,38.34,40.14,38.6,37.38,103.2609712,97.58213665,100.413319,99.95627895,113.1301939,111.4647949,124.3104711,106.6797565,130.979709,102.2390006,97.51285027,96.51158228,125.9940848,104.6948357,96.163428,96.83937824,10448,10550,9604,11179,10950,17117,16080,16572,15306,17241,0,0,0,0,0,39.7,29.4,33.3,32.4,44.7,2.32,1.83,2.01,2.12,2.59,34176,33989,32889,32425,32330,2473.3,3090.5,3219,3153.6,3159.3,73.8,92.78,99.96,97.51,98,259018,265505,256754,252836,250786,1964,2183,2491,2630,2422,201,224,261,275,254,687,905,1090,747,895,70,93,115,78,94,2732,2744,2813,2805,2805,94.7,116.7,121.9,118.2,117,35.29,43.43,44.19,42.15,41.71,3155,3397,3441,3211,3192,99.1,116.1,127,104.6,106.6,31.63,34.23,36.91,32.58,33.38,66735,66879,68199,68341,67538.5,69168,69301,69546,70742,69689.25,71493,72193,72642,72073,72100.25,73657,73557,73767,75066,74011.75,75262,76243,76948,77246,76424.75,1360301,1363950,1378251,1392766,1408987,1419561,13.9719882,13.63831402,13.51725152,13.52283928,7.330607786,7.385735995,7.920041488,8.118653104,6.641380409,6.252578025,5.597210032,5.404186176,4.983588001,6.883393353,6.426690718,6.074494758,-0.728611798,-2.567288472,-0.663156245,-3.635080614,4.254976203,4.316104881,5.763534473,2.439414145
ID,Idaho,4,8,0,0,516120,516978,510869,526613,519935,130652,176717,154829,138799,154936,5683.2,6621.1,6720.4,6990.4,6980.2,17.14,19.65,20.19,20.2,20.43,100.1662404,98.81832496,103.0818077,98.7318961,135.257784,87.61409485,89.64664242,111.6261645,116.5030265,101.4997508,104.017618,99.8540856,114.6441074,102.7480916,100.0495295,101.1386139,33561,31192,31038,33286,40040,8527,7846,5186,7965,7472,0,0,0,0,0,20.1,19.9,15.8,21.8,24.4,2.35,2.53,3.04,2.73,3.26,77786,79403,80905,82598,79272,1491.9,1498.2,1642,1832.6,1841.5,19.18,18.87,20.3,22.19,23.23,250946,247718,248082,270907,260704,2120,2164,2213,1881,2252,72,63,75,40,79,89309,130241,104109,80845,85611,9154,13405,10940,8473,9002,85075,83947,90339,106356,94319,571.8,589.7,543.6,620.5,608.5,7.4,7.5,6.43,6.19,6.74,5268,5715,5318,6604,4962,126.8,152.3,118.5,159.5,128.6,24.08,26.65,22.29,24.15,25.92,55064,54955,55509,56153,55420.25,56118,56733,57302,58171,57081,57614,58384,59299,58882,58544.75,60020,60684,61356,62383,61110.75,62056,63061,63660,64679,63364,1567582,1570639,1583780,1595590,1612843,1634464,14.55228364,14.06567968,14.26989437,14.13170975,7.537996696,7.483872591,7.239047847,7.161626542,7.014286942,6.581807088,7.030846522,6.970083211,0.894617995,1.012150206,1.05285041,1.043941949,0.058330869,-0.163554415,2.986504627,4.738695787,0.952948863,0.848595791,4.039355037,5.782637736
IL,Illinois,2,3,0,1,3955091,3937616,3820547,3991089,4042313,2090939,2189423,2436702,2519993,2683815,45326.7,50877.8,47883.4,49122.2,51550,17.39,19.53,19.35,18.54,19.02,99.5581644,97.02690664,104.4638111,101.2834592,104.710037,111.2942542,103.4181857,106.5008911,112.2468655,94.11452539,102.5871179,104.9423682,112.3059229,99.07834101,95.81395349,102.5889968,147792,133873,132247,135697,138402,1069037,1052224,969294,1026925,1017855,767419,864228,1094204,1149607,1293541,1978.6,2093,2134,2128.4,2154.5,1.85,1.99,2.2,2.07,2.12,493923,487526,489758,483838,482935,13111.8,12722.1,11958.3,11518.5,13026.9,26.82,26.38,24.7,24.35,27.6,3225698,3212010,3044403,3266060,3304158,1965,1905,2042,2042,2042,0,0,0,0,0,1157,1365,1058,1148,1258,119,140,111,120,132,974412,997722,950711,1073734,1116417,7741.3,7471.4,6159.4,7260.8,9087.5,8.34,7.87,6.84,7.2,8.62,71671,66874,65531,78680,67730,1521.1,1615.6,1362.5,1770.1,1697.4,21.7,24.45,21.01,22.59,25.66,640693,650170,658742,663051,653164,663211,676695,683279,693891,679269,708680,714132,717827,709778,712604.25,719118,714502,717999,730359,720494.5,728853,739532,748907,750819,742027.75,12830632,12840097,12858725,12873763,12890552,12880580,12.64104635,12.44582335,12.25912663,12.20978574,7.907521987,7.86935177,8.001377099,8.052886462,4.733524362,4.576471579,4.257749527,4.156899278,2.242048293,2.308132816,2.505015173,2.518554482,-5.424762271,-5.690471905,-5.238097733,-7.369175712,-3.182713978,-3.382339088,-2.73308256,-4.85062123
IN,Indiana,2,3,0,1,2863396,2847188,2770158,2894764,2931630,987568,1062319,1046014,1106441,1123098,27475.6,32483.4,32334.8,33414.8,34151.9,14.89,17.72,18.07,17.86,17.94,99.43395884,97.29452358,104.498155,101.2735408,107.5692003,98.4651503,105.7768825,101.5054576,118.2263536,99.54253557,103.3400547,102.2059088,119.0060443,101.9751693,98.83785279,100.4479283,98571,105527,103946,108119,112781,1449371,1333442,1193465,1198611,1221492,790889,840986,826842,883260,886370,3786.7,4157.2,3883.1,3568.9,3513.9,2.61,3.12,3.25,2.98,2.88,361653,361051,358852,359923,364888,8035.5,8373.1,8611,9112,9583.6,22.55,23.55,24.4,25.65,26.63,2770123,2712351,2562415,2632450,2709827,4408,4499,4647,4647,4647,0,0,0,0,0,4426,3972,4125,3692,3530,454,409,434,387,371,580752,638237,657719,682842,727758,3583,4220.2,3874.9,4405.2,5266.2,6.51,6.99,6.2,6.69,7.49,25691,25085,20584,25008,22520,570.4,590,471.8,615.3,621.2,22.38,23.61,23.02,24.74,28.5,274597,281684,286679,289486,283111.5,287003,290373,293410,296773,291889.75,297436,301230,301829,299129,299906,309384,307444,311219,314630,310669.25,316595,321869,327382,331310,324289,6483802,6490308,6516560,6537632,6570713,6596855,12.83445023,12.72740588,12.71037648,12.63802093,8.901297376,8.982248767,8.860462553,8.841723848,3.933152854,3.745157111,3.849913929,3.796297084,1.458460254,1.44643192,1.586775447,1.59057466,-1.302542626,-1.954161544,-0.231150462,-1.192171554,0.155917628,-0.507729624,1.355624986,0.398403107
IA,Iowa,2,4,0,0,1499729,1498973,1440053,1518870,1541900,673102,689146,677875,730473,757014,14967.3,17308.3,16583.3,17434.4,18021.8,15.68,18.18,18.11,17.92,18.24,99.94959089,96.06930879,105.4732013,101.5162588,102.3835912,98.36449751,107.7592476,103.6333992,115.6407635,95.81125818,105.1322716,103.3692011,115.9438776,99.6149615,98.95085588,101.7857143,239261,231401,216577,227495,241138,493794,463138,422595,402402,401151,0,0,0,0,0,746.8,750.2,703.5,736.5,722.7,1.51,1.62,1.66,1.83,1.8,155059,155774,155959,159358,161053,3479.7,3451.3,3524.3,3769,3847.3,22.44,22.16,22.6,23.65,23.89,1187456,1155743,1092732,1125533,1137920,1170,1359,1281,1281,1281,0,0,0,0,0,9250,8991,7291,7147,8356,948,925,766,749,879,312941,309672,299315,331358,342431,2150.7,2052.8,1697.7,2045.9,2578.6,7.13,6.87,5.87,6.4,7.83,66062,64049,62281,70963,68131,1390.7,1559.8,1277.6,1558.7,1705.3,21.05,24.35,20.51,21.97,25.03,138764,140892,141968,143906,141382.5,145733,146986,150447,154442,149402,155538,159992,160729,160124,159095.75,163716,161582,163508,165175,163495.25,162963,170986,173357,175554,170715,3046355,3050295,3064904,3075935,3092341,3107126,12.37931914,12.52923257,12.56558559,12.47623384,9.225210823,9.133605359,8.970091481,8.938187751,3.154108313,3.39562721,3.595494106,3.538046093,1.5930798,1.588382304,1.732412752,1.731761779,0.091575107,-1.398831658,0.150122984,-0.261312787,1.684654907,0.189550646,1.882535736,1.470448992
KS,Kansas,2,4,0,0,1117631,1104843,1075435,1105160,1132354,812830,781704,793080,830704,880650,11846.4,13565.2,13438.2,14104,14646.3,17.7,20.64,21.28,21.42,21.46,98.85579409,97.33826435,102.7639978,102.4606392,96.17066299,101.4552823,104.7440359,106.0124906,114.5090492,99.06378085,104.9545326,103.8450085,116.6101695,103.1007752,100.6578947,100.1867414,39348,41131,38492,40855,45862,359908,346521,307585,326817,316572,3069,840,388,541,1474,546.4,608.8,566,580.8,568.5,1.52,1.76,1.84,1.78,1.8,137915,139074,137481,135959,138396,3351.6,3597.9,3733.1,3790.1,4032.6,24.52,26.11,27.42,28.68,29.97,997849,970721,913457,963626,965093,906,1005,974,974,974,0,0,0,0,0,129,143,99,139,154,13,15,10,15,16,280413,285318,268086,288840,289697,1705.6,1631.6,1248.6,1569.1,1754.8,7.4,6.89,5.72,6.97,7.73,12277,11583,9589,11228,11283,248.4,276.4,213.9,267.3,310.8,20.32,23.94,22.37,24.04,27.54,124521,127288,130299,132248,128589,132887,136535,139319,141876,137654.25,141819,141982,140863,141737,141600.25,142008,142080,142610,144396,142773.5,143374,146433,148199,148242,146562,2853118,2858949,2869965,2885966,2895801,2904021,14.00370123,13.75450818,13.95559524,13.79387161,8.790496768,8.675573074,8.301268453,8.284047338,5.213204457,5.078935102,5.654326783,5.509824267,1.750419015,2.264446881,2.106968337,2.050752592,-3.156968319,-1.789806028,-4.369598429,-4.760146087,-1.406549304,0.474640853,-2.262630092,-2.709393495
KY,Kentucky,3,6,0,0,1978527,1903208,1868483,1838898,1770741,2781466,2840858,2391118,2138426,2055121,19987.7,23231.2,22535.8,22805.3,22467,17.16,20.57,20.79,20.88,20.75,96.19317806,98.17544903,98.41662996,96.2935954,102.1352769,84.16886729,89.43205647,96.10437771,116.2274799,97.0066118,101.195875,98.5165729,119.8717949,101.0695187,100.4329004,99.37739464,51017,51474,49735,55168,57195,1009823,1010623,909705,914774,913452,2556093,2623804,2193276,1940060,1869335,2382.9,2466.4,2249.3,2199.9,2177.9,2.36,2.44,2.47,2.4,2.38,319259,305505,303833,289214,268998,6223.8,6339,6377.6,6471.4,6378.5,19.81,21.1,21.37,22.58,23.96,1874296,1846216,1735259,1737960,1754132,2544,2700,2712,2712,2712,0,0,0,0,0,25173,28850,22475,31249,29895,2580,2969,2362,3275,3144,239062,229056,232702,236423,261233,1497.9,1421.7,1191.5,1418,1762.4,7.13,7.05,5.71,6.65,7.4,33939,32032,32072,48525,36157,754.8,810,685.1,1091.1,950.1,22.81,25.61,21.62,22.52,26.58,160888,165533,167994,168733,165787,168209,171021,173109,176682,172255.25,177581,179346,179006,176906,178209.75,182081,181242,182882,184580,182696.25,184290,188121,189922,191739,188518,4339367,4349838,4370038,4383465,4399583,4413457,12.68710702,12.63402777,12.6516444,12.53165764,9.754955231,9.79493581,9.74969054,9.678158728,2.932151788,2.839091961,2.901953855,2.853498906,1.180980097,1.471182451,1.394732216,1.356853027,0.597026839,-1.271262488,-0.542180801,-0.858954458,1.778006935,0.199919964,0.852551415,0.497898569
LA,Louisiana,3,7,1,0,4385758,4388867,4255161,4196622,4279443,3170742,3972994,3789540,3208044,2852411,44999.5,53391.3,44310.8,44637.9,45399.7,15.06,17.96,15.46,15.67,15.49,100.0708885,96.95351898,98.62428237,101.9735158,125.3017117,95.38247478,84.6552352,88.91433534,118.6486517,82.99254747,100.7381948,101.7066215,119.2563081,86.08017817,101.3583441,98.85130823,112227,113514,113460,125789,144404,259750,269993,238811,228055,209973,54346,52440,53041,38079,35541,622.7,720.4,691.8,666.9,626.6,2.4,2.67,2.9,2.92,2.98,290292,294691,289101,292777,309224,6435.6,6425.6,5675.3,6349.7,6777.8,23.12,22.76,20.49,24.3,24.4,3974821,4015581,3886754,3785289,3810396,1708,1891,1842,1842,1842,0,0,0,0,0,10817,10144,6470,9966,10366,1109,1044,680,1045,1090,1483201,1536147,1586439,1499625,1563857,5515,5158.3,3929.7,4729.4,5792.4,5.02,4.59,3.27,4.19,4.9,489633,516784,565869,613368,617916,8201.9,10736.4,8111.2,8491.7,9278.9,16.76,20.79,14.35,13.86,15.03,224394,229511,235475,236106,231371.5,233276,235457,237374,241726,236958.25,244622,247067,242300,239246,243308.75,239585,236550,237721,239377,238308.25,239163,245780,249653,248567,245790.75,4533372,4545581,4575972,4604744,4629284,4649676,13.66017388,13.56343013,13.49876782,13.43879055,8.935978336,8.873599837,9.325724375,9.245863761,4.72419554,4.689830292,4.173043443,4.192926794,1.485492657,1.693549828,1.651933479,1.620655763,0.454747125,-0.167960756,-0.496857926,-1.3115694,1.940239782,1.525589072,1.155075553,0.309086363
ME,Maine,1,1,1,0,415065,413893,399670,409785,410530,151940,154764,152331,155380,151257,6340.6,7425.8,7164,7512.4,7557.6,18.77,21.93,22.03,21.86,22.62,99.71763459,96.5636046,102.5308379,100.1818027,101.8586284,98.42792898,102.0015624,97.34650534,117.1150995,96.47445393,104.8632049,100.6016719,116.8353756,100.4559964,99.22832501,103.4766697,114477,113899,113103,116850,111979,2279,1542,1299,1657,2142,0,0,0,0,0,8.7,6.5,6.1,8.1,10.5,3.82,4.2,4.69,4.87,4.89,39346,38949,39446,40449,40953,1480.8,1435.8,1365.7,1405.7,1518.4,37.64,36.86,34.62,34.75,37.08,277354,268118,244896,253371,252829,70,68,72,72,72,0,0,0,0,0,37174,38660,35519,33970,34457,3810,3979,3733,3560,3623,80988,75061,70451,66014,62355,624,569.2,530.9,590.9,623.1,7.88,7.84,7.62,9.07,10.21,10859,10996,10825,13201,12801,294.4,332,327.6,382.6,410.8,27.12,30.19,30.27,28.98,32.09,50692,51347,51789,51389,51304.25,51014,51176,51460,52273,51480.75,52430,53197,52795,52002,52606,53200,52902,53288,53809,53299.75,53803,54627,55378,56308,55029,1328361,1327361,1327930,1328592,1328702,1330089,9.51383483,9.633648809,9.594723053,9.524629804,9.812860436,9.599769925,9.775357939,9.88193506,-0.299025606,0.033878884,-0.180634886,-0.357305256,0.889544686,1.002062095,1.045424405,1.035809133,0.061763475,-0.467528596,-1.102625453,0.399429666,0.951308162,0.534533499,-0.057201047,1.435238798
MD,Maryland,3,5,1,0,1464503,1410012,1368600,1395961,1400614,250812,272882,245197,248554,250058,21401.3,23062.5,22470.7,22856.9,22951.3,22.83,25.51,25.75,25.47,25.25,96.27921554,97.06300372,101.9991963,100.3333188,108.7994195,89.85458916,101.3691032,100.6050999,107.7621453,97.43392954,101.7186826,100.4130044,111.73894,100.9408075,98.91262136,99.13623871,51683,49917,49822,54874,53814,266067,241190,192334,183191,201220,58798,65871,54088,45290,46194,894.1,881.3,681.1,620.7,595.2,3.36,3.65,3.54,3.39,2.96,222925,217002,210908,211201,210465,8301,7590.5,6973.7,7215.5,7464.6,37.24,34.98,33.07,34.16,35.47,963419,900614,857053,847590,878993,548,532,570,570,570,0,0,0,0,0,16267,24748,15764,16477,15364,1667,2547,1657,1727,1616,217744,199223,216678,207422,217440,2099.6,1935.3,1802.8,1912.9,2151.4,9.94,10.03,8.63,9.42,10.21,13030,12743,9977,11389,12185,386.6,425.4,331.8,375,432.2,29.67,33.38,33.26,32.92,35.47,308313,313056,315436,321077,314470.5,318760,322296,326875,327839,323942.5,330817,330227,333833,330818,331423.75,334945,335558,337289,341896,337422,342513,349673,354088,354776,350262.5,5773552,5788101,5843833,5891819,5938737,5976407,12.64587643,12.39266468,12.31624279,12.26120305,7.507779876,7.40615008,7.857787918,7.951729329,5.138096554,4.986514597,4.458454869,4.309473725,4.541119301,4.71026237,4.914730973,4.860033584,0.062930206,-1.432046554,-1.51387644,-2.56732105,4.604049507,3.278215816,3.400854533,2.292712535
MA,Massachusetts,1,1,1,0,1416119,1397164,1363282,1428433,1437640,108868,103058,110384,102521,124671,24558,27485.1,26511.6,27681.7,27574.4,23.33,26.1,26.85,26.5,26.36,98.66148254,97.57494467,104.7789819,100.6445525,94.66326193,107.1086184,92.87668503,121.6053296,111.9191302,96.45808092,104.4135397,99.6123793,111.8731247,102.8735632,98.69646182,99.47169811,59866,59074,57348,60267,61735,83850,42963,24036,42208,29871,0,0,0,0,0,268.9,160,90.4,179.5,129.4,3.21,3.72,3.76,4.25,4.33,194905,189605,188729,188564,185849,8144.9,7842.4,7626.7,8019.9,8363.5,41.79,41.36,40.41,42.53,45,1107941,1073354,982397,1030817,1011008,764,962,859,859,859,0,0,0,0,0,9720,11161,8683,9460,8579,996,1149,912,992,902,447429,464018,430921,434893,433246,4170.3,4159.7,3407.9,4102.9,4599.2,9.4,9.06,7.98,9.5,10.78,9140,10672,9254,11098,11534,285.6,369.4,315.2,363.7,411.8,31.24,34.62,34.06,32.77,35.7,389912,396586,405956,404627,399270.25,403789,417002,414354,419546,413672.75,426409,432911,437129,432576,432256.25,434391,435111,442566,442495,438640.75,448221,451142,459390,466339,456273,6547629,6564073,6612270,6655829,6708874,6745408,11.10793792,10.88656333,10.90050411,10.88842942,8.198177598,7.901659462,8.120195413,8.178808799,2.909760318,2.984903866,2.780308698,2.709620625,5.312703229,5.278525582,5.589798741,5.542473393,-0.523665785,-1.63158264,-0.325484225,-2.431047603,4.789037444,3.646942942,5.264314516,3.11142579
MI,Michigan,2,3,0,1,2753536,2785212,2687926,2832425,2881550,626639,680857,626107,654767,682788,34591.5,39387.8,38965.2,40621.4,40740.1,18.47,20.84,21.46,20.48,20.01,101.1503754,96.50705225,105.3758548,101.7343796,108.6521905,91.95866386,104.5774923,104.2795376,113.865545,98.92707894,104.2504594,100.2922105,112.8316188,102.975048,95.4333644,97.70507813,129422,140472,140729,148084,150125,749285,691150,621633,658172,618479,0,0,0,0,0,1793.3,2074.4,1917.8,1901.6,1735.2,2.39,3,3.09,2.89,2.81,353651,358443,357640,351567,352508,10171.9,10846.5,11422.9,11520.6,11364.6,29.05,30.57,32.29,32.89,32.38,2305457,2253650,2186354,2304114,2329372,4898,5088,5193,5193,5193,0,0,0,0,0,12200,13188,11561,13539,15216,1251,1357,1215,1419,1600,758696,787337,804084,828483,878699,6595.8,6520.7,5628.3,6047.9,6993.8,9.24,8.76,7.38,7.59,8.26,41696,40051,35551,47132,46050,944.4,956.2,798.5,1145.7,1273.4,22.72,23.91,22.5,24.33,27.78,373593,386054,394845,394176,387167,395349,396078,400884,413128,401359.75,412761,416887,419650,420015,417328.25,428265,428285,431136,436760,431111.5,438271,445584,450840,454190,447221.25,9883640,9876498,9875736,9884781,9898193,9909877,11.54168182,11.44403256,11.41092335,11.38404701,9.100641477,9.015351167,9.05687891,9.124160002,2.44104034,2.428681395,2.354044443,2.259887006,1.825616282,1.87161095,2.029017477,2.028870051,-4.371657403,-3.394243177,-2.98681078,-2.895688474,-2.546041121,-1.522632227,-0.957793302,-0.866818423
MN,Minnesota,2,4,0,1,1857095,1850749,1816866,1858816,1912065,429062,425422,417674,405967,466967,20946.6,24297.6,24201.2,24881.5,25312.2,17.04,19.8,20.14,19.87,19.65,99.6582835,98.1692277,102.308921,102.864673,99.15163776,98.17874957,97.1970963,115.0258519,115.997823,99.603253,102.8110176,101.731005,116.1971831,101.7171717,98.65938431,98.89280322,163181,155130,150916,148505,162992,315438,315604,257875,267695,313073,0,0,0,0,0,573,635.5,538.1,566.5,642.6,1.82,2.01,2.09,2.12,2.05,231333,233834,231977,234214,234470,5653,5876.3,5970.3,6379.2,6459.9,24.72,25.43,26.06,27.69,28.04,1337325,1329595,1281593,1328816,1385193,1035,1003,1075,1075,1075,0,0,0,0,0,8199,7250,5339,4877,5216,840,746,561,511,548,427198,424978,430286,474891,489901,2797.8,2791.7,2252.3,2838.2,3646.8,7,7.01,5.56,6.31,7.88,30431,29366,27850,36574,39558,636.4,703.8,611.4,853.1,1042.8,21.12,24.08,22.05,23.4,26.76,263814,267791,272602,281717,271481,278284,285366,286476,287837,284490.75,293558,292212,297248,295897,294728.75,302171,303603,310549,312540,307215.75,312122,317697,324647,327059,320381.25,5303925,5310418,5348036,5380615,5422060,5457173,12.8300033,12.68565824,12.7797976,12.6814087,7.501838447,7.327295855,7.350401637,7.303456043,5.328164854,5.358362389,5.42939596,5.377952655,2.361505712,2.405707857,2.583619335,2.574078522,-0.628046056,-1.657431116,-0.414341818,-1.230969132,1.733459656,0.748276741,2.169277517,1.34310939
MS,Mississippi,3,6,1,0,1177620,1155456,1143099,1138181,1155549,448713,441341,390246,410271,402842,13314.3,15188.7,15314.7,15793.9,15948.5,17.9,20.82,20.75,21.33,20.78,98.11789881,98.93055209,99.56976605,101.5259436,98.35707902,88.4227842,105.1313787,98.18924564,114.0780965,100.8295641,103.1290198,100.9788589,116.3128492,99.66378482,102.7951807,97.42147211,71310,71184,84165,70216,71994,148463,107546,82456,97767,116537,41586,28822,30537,37197,39072,476.8,416.7,367.5,387.1,383,3.21,3.88,4.46,3.96,3.29,169533,168340,165099,166444,168582,4147.1,4202.5,4040.3,4373.3,4668.6,25.46,26,25.5,26.9,28.35,999309,944952,989634,942046,982217,855,1074,958,958,958,0,0,0,0,0,0,0,0,0,0,0,0,0,0,0,444875,437873,499946,427323,440003,2222.8,2012.9,1640.5,1811.3,2129.2,5.73,5.16,3.82,4.86,5.47,11899,10531,8627,10027,10676,295,290.2,222.6,249.5,292.9,24.79,27.56,25.81,25.11,27.55,93035,95056,95862,95861,94953.5,94698,95975,97339,99349,96840.25,101616,102859,102497,101359,102082.75,103100,101970,104394,103615,103269.75,103190,105287,105339,105934,104937.5,2967297,2970811,2978464,2986137,2992206,2994079,13.35893869,13.22469013,12.84503081,12.76451088,9.793126053,9.731413719,9.820446903,9.880251274,3.565812641,3.493276415,3.024583902,2.884259603,0.623269222,0.922777567,0.784163773,0.751718303,-1.960911203,-1.889480956,-1.60546158,-3.134498274,-1.337641982,-0.966703389,-0.821297808,-2.382779971
MO,Missouri,2,4,0,0,1910500,1856590,1781978,1847506,1903839,198297,197714,203118,191759,199586,22961.9,26567.3,25904.3,26667.6,26719,18.84,22.48,22.85,22.57,21.94,97.1782256,95.98123441,103.677262,103.0491376,99.70599656,102.7332409,94.4076842,104.0816859,115.7016623,97.50445096,102.946615,100.1927433,119.3205945,101.6459075,98.77461707,97.20868409,69261,66131,62496,71490,74839,801625,825650,768297,806549,780707,9816,10075,9197,9101,8206,1290.4,1436.3,1448.7,1553,1578.1,1.61,1.74,1.89,1.93,2.02,293722,287478,281269,284585,286193,6698.6,7008.5,7029.5,7538.1,7644.4,22.81,24.38,24.99,26.49,26.71,1721620,1719891,1623633,1689057,1694147,339,329,352,352,352,0,0,0,0,0,15018,11515,6797,10843,6632,1539,1185,714,1136,697,282141,275308,258945,280845,301360,2664.3,2584.6,2210.5,2426.6,2631.9,9.64,9.64,8.71,8.82,8.92,28861,25961,22703,25820,27023,597.9,611.8,493.2,605.2,721.1,20.72,23.57,21.72,23.44,26.69,253890,255076,256428,257131,255631.25,253580,255453,257823,261128,256996,263233,264933,265383,267164,265178.25,272820,272915,274751,277676,274540.5,277302,282334,285707,287778,283280.25,5988927,5996085,6010544,6025281,6044917,6063589,12.70015089,12.53408055,12.47585168,12.38600369,9.325681671,9.244069268,9.220395556,9.255146754,3.37446922,3.290011279,3.255456124,3.130856936,1.257472018,1.440200402,1.454160073,1.427261134,-2.245426256,-2.240644077,-1.348776549,-1.333607961,-0.987954238,-0.800443675,0.105383524,0.093653172
MT,Montana,4,8,0,0,400855,402355,395724,405934,403446,1148154,1104165,1008736,1104932,1161804,4744,5702.1,5569.9,5621,5527.5,18.26,21.73,21.89,22.07,21.72,100.3742001,98.35195288,102.5800811,99.38709248,96.16871953,91.35736054,109.536291,105.1471041,120.1960371,97.68155592,100.9174312,98.33659491,119.0032859,100.7363092,100.8222933,98.41413684,14644,7601,7601,8632,8888,203339,165687,157308,166104,175357,797035,746650,660148,753246,790673,289.1,247.4,255.2,307,322.1,1.42,1.49,1.62,1.85,1.84,46988,47045,47302,47922,48117,1067.2,1124.5,1132.6,1158.2,1163.6,23.08,24.26,24.32,25.74,25.76,447231,422616,405716,422138,423897,279,403,337,337,337,0,0,0,0,0,91849,122382,107373,91959,109201,9415,12596,11283,9638,11483,72888,79470,75234,81900,79260,496.1,549.1,455.2,472.7,527.7,8.3,8.12,7.36,7.43,8.29,9000,9531,8061,7786,8298,185.7,239.9,168.4,176.4,204.2,20.69,25.21,20.91,22.65,24.6,37467,37469,37872,38396,37801,39919,40623,40921,41902,40841.25,42084,41872,42302,42293,42137.75,42926,42936,43322,43709,43223.25,43706,44902,45098,44983,44672.25,989415,990575,997661,1005163,1014864,1023579,12.0689898,12.00704605,12.06221501,12.01210924,9.179996741,8.947366319,8.731566459,8.917590534,2.888993057,3.059679732,3.330648551,3.094518709,0.606567832,0.865777522,0.792068621,0.751554005,3.434199964,3.550986008,5.297948988,4.464191542,4.040767796,4.41676353,6.090017609,5.215745547
NE,Nebraska,2,4,0,0,860741,862675,852984,871815,864347,399822,390808,357156,370523,401699,8724.6,9995.9,10138.1,10323.1,10330.1,16.68,19.3,19.87,19.39,19.26,100.2246901,98.87663373,102.2076616,99.14339625,97.74549675,91.38912202,103.7426223,108.4140526,114.5714417,101.4225833,101.8247995,100.0678091,115.7074341,102.9533679,97.58429794,99.32955132,109887,116589,107042,107097,102397,254552,285384,272587,292956,276544,0,0,0,0,0,366.3,437.9,427.6,423.1,395.5,1.44,1.53,1.57,1.44,1.43,101846,101255,105185,104750,103118,2244.2,2338.2,2581.1,2682.6,2671.4,22.03,23.09,24.54,25.61,25.91,666348,690557,668116,705960,691958,1151,1195,1212,1212,1212,0,0,0,0,0,12818,15713,11962,10723,11010,1314,1617,1257,1124,1158,169620,173666,161774,178752,179544,1112.5,1073.9,837.2,994.8,1125,6.87,6.55,5.44,5.8,6.54,12111,10877,9757,12280,10349,236.1,259.5,211.5,287.7,280.1,19.5,23.86,21.67,23.43,27.06,89088,91058,92357,93490,91498.25,97540,98309,99278,101074,99050.25,100457,102392,102509,103294,102163,107893,106244,107195,107418,107187.5,107222,110920,111366,113145,110663.25,1826341,1829865,1842232,1855487,1868969,1881503,14.01814821,13.93345465,13.92955105,13.84412415,8.507945188,8.230479385,7.950154331,7.816616149,5.510203026,5.702975267,5.979396723,6.027508004,1.814222228,2.006101599,2.056139205,2.02907794,-0.64486314,-0.49165445,-0.478459136,-1.360362109,1.169359088,1.51444715,1.577680069,0.668715831
NV,Nevada,4,8,0,0,645604,632655,639190,659568,660256,51846,53807,60252,70208,71140,9246.5,9794.5,10113,10243.6,10513,21.22,23.45,23.8,22.88,23.52,97.99428132,101.0329484,103.1880974,100.1043107,103.7823554,111.9779954,116.5239328,101.327484,105.9265668,103.251825,101.2914071,102.6299348,110.5089538,101.4925373,96.13445378,102.7972028,9739,9375,9154,10021,10681,80228,62701,52850,64838,79230,0,0,0,0,0,195.7,163.1,139.8,180.9,202.6,2.44,2.6,2.65,2.79,2.56,115232,115723,120034,120141,119678,3234.5,2992.8,3098.5,3180,3411.2,28.66,26.43,26.38,26.47,28.5,577325,529486,548427,569355,568174,21631,22419,23886,27022,27499,2070,2146,2347,2670,2729,21047,21284,23223,25588,22719,2157,2191,2440,2682,2389,267808,255970,281432,281972,259438,1885.7,1583,1328.5,1492.7,1638.7,7.17,6.33,4.86,5.39,6.44,4409,4170,4125,4444,4059,120.9,133.6,115.3,134,122.4,28.24,32.43,28.39,30.15,30.14,118127,119209,120398,121350,119771,120040,123290,123404,124243,122744.25,125119,125841,125797,124061,125204.5,125864,125609,127158,129111,126935.5,130783,132879,135167,137380,134052.25,2700551,2703493,2718586,2755245,2791494,2839099,13.22112791,12.6806984,12.64707065,12.48642905,7.453229656,7.457300015,7.663962555,7.708601918,5.767898255,5.223398384,4.983108093,4.777827131,2.746547957,2.860884817,3.032412378,3.003591274,-2.827328779,5.284415979,4.755226449,8.390945678,-0.080780822,8.145300796,7.787638827,11.39453695
NH,New Hampshire,1,1,1,0,294473,292979,284490,304538,310142,156829,131919,129929,166328,161033,5226.7,6071.5,5950.6,6118.6,6360.8,24.21,27.69,28.61,27.88,27.86,99.49265298,97.10252271,107.0469964,101.8401644,84.11645805,98.49149857,128.014531,96.81653119,116.1631622,98.00872931,102.8232447,103.9584219,114.3742255,103.3224991,97.4484446,99.92826399,33502,33745,35301,40393,43200,33827,24489,14191,16778,14867,0,0,0,0,0,128.5,87,57.8,70.6,63.5,3.8,3.55,4.07,4.21,4.27,37157,37084,37089,37680,37341,1615.8,1602.2,1542.8,1579.1,1665.7,43.48,43.2,41.6,41.91,44.61,242475,242846,224415,214922,225508,28,27,29,29,29,0,0,0,0,0,14415,15592,12270,13617,13137,1478,1605,1289,1427,1381,62612,72778,74336,55649,58841,503.5,579.2,547.6,566,542.7,8.07,7.98,7.37,10.18,9.24,12029,13375,15243,16495,19027,314.1,392.1,462.9,488.3,616.3,26.12,29.32,30.37,29.6,32.39,61810,63541,62627,62737,62678.75,62728,63530,63183,66949,64097.5,65122,65796,66377,66756,66012.75,66999,66839,67346,68042,67306.5,68591,70223,70773,71794,70345.25,1316470,1316517,1318109,1321297,1322616,1326813,9.862500408,9.371805626,9.396678333,9.313704953,8.148405125,7.957851123,8.136425064,8.17836598,1.714095283,1.413954503,1.260253269,1.135338973,1.333775648,1.444264353,1.536359177,1.529386143,-1.636664938,-0.398574528,-1.98644963,0.843200554,-0.302889291,1.045689826,-0.450090453,2.372586697
NJ,New Jersey,1,2,1,0,2395713,2411816,2241207,2311685,2340188,376845,390931,393682,403225,388386,37144.8,42752.9,39242,39447.6,39116.9,21.28,24.18,24.43,23.75,22.78,100.672159,92.92611874,103.1446448,101.2329967,103.7378763,100.7037047,102.4240377,96.31992064,115.097941,91.7879255,100.5239284,99.1616727,113.6278195,101.0339123,97.21653704,95.91578947,64370,62752,61003,65208,67456,71961,49592,25589,25910,30731,0,0,0,0,0,299.3,207.3,103.7,100.3,121.3,4.16,4.18,4.05,3.87,3.95,270160,262246,256081,254680,252031,11589,10953.9,10239.7,10152.7,10190.7,43.07,41.95,40.12,40.21,40.98,1772767,1794240,1647100,1704155,1799165,448,435,466,466,466,0,0,0,0,0,177,237,102,174,164,18,24,11,18,17,671474,677923,670970,712948,798602,6224.4,5806.1,4823,5350.9,6046.6,9.39,8.7,7.3,7.85,7.86,8532,8544,6972,7711,7881,267.2,284.5,231.5,249.1,273.6,31.32,33.3,33.21,32.3,34.72,494012,490564,493688,493696,492990,486333,496260,500251,507440,497571,511838,514685,524955,522212,518422.5,525284,527839,530134,537108,530091.25,535523,543298,549382,553294,545374.25,8791894,8803580,8842614,8876000,8911502,8938175,12.0914459,11.79719813,11.69281668,11.59012569,8.054088037,7.786726434,8.022936554,8.033646771,4.037357858,4.010471699,3.669880121,3.556478921,5.564599369,5.390037844,5.799240388,5.784530443,-5.110337107,-5.589037608,-5.120561617,-6.21512647,0.454262262,-0.198999764,0.678678771,-0.430596027
NM,New Mexico,4,8,0,0,649962,668675,666540,670257,679136,2255073,2260681,2315892,2367423,2514744,7207.1,8724.8,8855.4,8959.8,9019.7,20.02,23.51,24,23.5,23.37,102.8790914,99.68071186,100.557656,101.3247157,100.2486837,102.4422287,102.2251038,106.2228423,121.0584007,101.4968825,101.1789417,100.6685417,117.4325674,102.0842195,97.91666667,99.44680851,17663,17054,16179,17990,17189,267474,284737,263439,256377,215348,381448,405952,409050,400228,400158,550.3,584.8,575.5,592.9,812.4,2.06,2.05,2.18,2.31,3.77,76526,78618,79085,78698,78869,1833.5,1964.3,1997.5,2106.6,2205.2,24.88,25.92,26.21,27.25,28.45,737539,768020,745336,741402,711338,324,442,368,368,451,0,0,0,0,9,2117,1892,2120,876,936,217,195,223,92,98,246201,251838,249815,252867,256085,904.6,895.4,725.4,883,974.6,6.54,6.27,5.15,5.83,6.5,8501,7782,7683,8501,7187,206.1,211.2,199.8,216.4,198.1,24.24,27.14,26.01,25.46,27.56,84836,84817,86069,89057,86194.75,87089,89560,90086,91438,89543.25,90662,91760,90520,89199,90535.25,90634,91127,91758,91859,91344.5,92606,94601,95853,96106,94791.5,2059179,2064950,2078407,2084594,2086895,2085572,13.41810517,12.98678525,12.896594,12.84851384,7.916768939,7.91160031,7.99570609,8.082987834,5.501336235,5.075184945,4.900887908,4.765526007,1.067250541,1.34182048,1.283954003,1.280777056,0.030892824,-3.420128893,-5.062940355,-6.784475467,1.098143365,-2.078308413,-3.778986352,-5.503698412
NY,New York,1,2,1,1,3723729,3611091,3503309,3626150,3742892,836703,879395,817908,872500,871720,61972,66310.1,65453.9,66230.7,68056.2,23.09,25.42,25.49,24.85,24.57,96.97512896,97.01525107,103.5064278,103.2194476,105.1024079,93.00803393,106.6745893,99.91060172,107.0000968,98.70879398,101.1867895,102.7562747,110.0909485,100.2753737,97.48921146,98.87323944,120168,124402,122513,129687,134792,167094,125181,72914,68707,64655,0,0,0,0,0,540.9,447.6,266.2,236.5,218.4,3.24,3.58,3.65,3.44,3.38,493456,491487,488471,504618,502833,23735.2,22888.7,21683.2,22835.6,23950.5,48.1,46.57,44.39,45.25,47.63,2733286,2620842,2593481,2629451,2747588,1070,1283,1185,1185,1185,0,0,0,0,0,248502,272019,234593,238270,248086,25472,27997,24652,24973,26087,1224485,1247757,1260950,1315282,1386580,11722.5,11178.5,9323.4,10666,11638.1,9.7,9.1,7.5,8.22,8.56,31093,28906,26543,29634,33225,885.6,920.9,847.8,936.4,1126.1,28.48,31.86,31.94,31.6,33.89,1192082,1222396,1211590,1206249,1208079.25,1224957,1224438,1229314,1249034,1231935.75,1261237,1291600,1310497,1335920,1299813.5,1307320,1328713,1343299,1360922,1335063.5,1361112,1374748,1397614,1409631,1385776.25,19378102,19400867,19521745,19607140,19695680,19746227,12.49181324,12.26311458,12.23830758,12.20579928,7.694653175,7.507957357,7.738325138,7.827055624,4.797160067,4.75515722,4.499982444,4.378743655,5.819804694,5.627811782,6.051932151,6.023998789,-4.325454828,-5.94680886,-5.48204938,-7.804947159,1.494349865,-0.318997079,0.569882772,-1.78094837
NC,North Carolina,3,5,1,0,2685333,2558792,2481060,2530649,2554776,576162,572796,560887,606427,595660,33119.5,36145.8,36240.3,37527.2,37283.2,20.27,23.22,23.79,23.39,23.02,95.28769802,96.96216027,101.9987022,100.9533918,99.41578931,97.92090029,108.1192825,98.22451837,109.1375172,100.2614412,103.5510192,99.34980494,114.5535274,102.4547804,98.31862127,98.4181274,134325,141002,142163,148324,145560,749091,624783,534713,493771,501592,0,0,0,0,0,2651.9,2283.1,2025.9,1881.8,1805,3.54,3.65,3.79,3.81,3.6,465448,447262,437026,442809,454249,11822.8,11332.3,11720.6,11991.2,12421.6,25.4,25.34,26.82,27.08,27.35,1869784,1704725,1654828,1734549,1761282,931,903,967,967,967,0,0,0,0,0,46405,37828,35475,65838,45230,4757,3893,3728,6901,4756,308710,311189,367948,445898,460876,2742.5,2547.1,2423.1,3076.6,3500,9.12,8.38,6.69,6.96,7.66,47840,41807,36513,33150,36489,1273.9,1170.5,943.7,868.5,1033.4,26.63,28,25.85,26.2,28.32,413825,414745,416720,424212,417375.5,422165,431611,430792,430355,428730.75,439578,437297,441483,438972,439332.5,446371,449576,457455,464398,454450,464633,470025,478751,484012,474355.25,9535483,9559488,9651502,9748181,9848917,9943964,12.60132872,12.32638698,12.25691682,12.13557541,8.323152529,8.196525686,8.530038478,8.462638663,4.27817619,4.129861297,3.726878337,3.672936749,1.875801299,2.473442478,2.260640836,2.140971797,3.172142612,3.299538451,3.88690203,3.663640478,5.047943911,5.77298093,6.147542866,5.804612275
ND,North Dakota,2,4,0,0,476072,528508,552326,594439,640095,1253749,1518406,2135154,2634178,3261360,4555.5,6480.9,7095.5,7748.7,8209.6,13.79,17.34,18.3,18.49,18.51,111.0143004,104.5066489,107.6246637,107.6805189,121.1092491,140.6181219,123.3718036,123.8094009,142.2653935,109.4832508,109.2058347,105.9480945,125.7432922,105.5363322,101.0382514,100.1081666,25305,27145,25455,26067,26745,409684,394771,406344,393193,399195,377669,367624,366826,369479,389673,721.7,767.4,873.9,852.1,866,1.76,1.94,2.15,2.17,2.17,44207,46871,50214,54704,62234,913.3,1021.1,1139.8,1298.9,1511,20.87,22.02,22.99,24.07,24.7,622237,652742,678850,701050,723128,906,1001,978,978,978,0,0,0,0,0,19923,25068,23573,17674,24073,2042,2580,2477,1852,2531,70046,77752,77469,88285,90629,269.4,296.1,241.4,279.8,363,6.04,5.8,5.16,5.08,6.47,9541,9405,9057,12682,10982,187,220.6,194.2,286.6,287.7,19.79,23.52,21.52,22.63,26.57,34512,35525,36322,37773,36033,39583,40597,42507,45804,42122.75,49138,52015,53390,54246,52197.25,52976,53631,55555,55603,54441.25,55510,58566,59054,59790,58230,672591,674345,685242,701705,723857,739482,13.53499261,14.25865588,14.49112701,14.73342814,8.905645612,8.559807981,8.09785895,8.035048611,4.629347,5.698847901,6.393268059,6.698379528,1.534289457,2.214936836,1.915034211,1.763091122,9.145424309,15.58963681,23.1894509,12.26510057,10.67971377,17.80457364,25.10448511,14.02819169
OH,Ohio,2,3,0,1,3824933,3792585,3655849,3739974,3809648,1032440,1067943,1067944,1149882,1547368,45104.2,50635.8,49523.1,50067,51385.5,18.18,20.58,20.71,20.02,20.01,99.15428584,96.39464903,102.3011071,101.8629541,103.438747,100.0000936,107.6724997,134.5675469,112.2640464,97.80254286,101.0982754,102.6334711,113.2013201,100.6316812,96.6682762,99.95004995,110645,115650,115615,126808,129920,1355137,1222606,1019140,1104486,1057377,644947,679187,642149,612270,541830,3392.6,3382.4,2940.6,2853,2567.7,2.5,2.77,2.89,2.58,2.43,525944,527994,520183,512848,514119,13976.9,13856.1,13788.3,13715,14538.3,26.89,26.56,26.84,27.08,28.62,3304252,3188336,2984206,3170468,3208044,3241,3372,3435,3435,3435,0,0,0,0,0,4186,3728,3941,5240,4546,429,384,414,549,478,810958,849076,869934,954374,1044986,6742.5,6576.7,5388.4,6029.9,7437.8,8.72,8.08,6.42,6.54,7.41,29374,29302,23914,26992,27457,699.8,757.8,609.6,738.4,843.4,23.96,25.95,25.57,27.53,31.78,481204,490593,499519,507629,494736.25,505142,515909,528077,538352,521870,537428,546807,548386,545586,544551.75,553984,554703,558693,568496,558969,572004,583701,598002,601604,588827.75,11536504,11540070,11544757,11550901,11572005,11594163,11.95027366,11.92449247,11.96545106,11.91383918,9.593314258,9.653762625,9.621109042,9.603055628,2.3569594,2.270729849,2.344342013,2.310783553,1.368604582,1.441829456,1.518580753,1.513931868,-3.188587898,-3.204065457,-1.912302891,-1.574969153,-1.819983316,-1.762236001,-0.393722139,-0.061037285
OK,Oklahoma,3,7,0,0,1579910,1585212,1561913,1620837,1679856,2576077,2704301,2950525,3137443,3572829,17066.4,19766.9,19780.9,19581.1,20496.9,17.16,19.91,20.34,19.87,19.97,100.3355887,98.53022813,103.7725533,103.6412668,104.977491,109.1049036,106.335076,113.8770967,115.8234894,100.0708255,98.98993474,104.6769589,116.025641,102.1597187,97.6892822,100.5032713,39320,39133,41310,42616,42870,346047,378320,327089,335925,336080,17580,19094,22004,25054,20607,614.8,686.1,666.2,697.9,680,1.78,1.81,2.04,2.08,2.02,197370,204197,202470,204478,210088,4362.9,4636.6,4442,4629.3,4944.3,22.3,22.91,22.16,23.23,24.15,1571983,1576848,1567142,1537652,1543910,23,23,24,24,24,0,0,0,0,0,27403,14641,10901,20781,13585,2809,1507,1146,2178,1428,697351,676910,712411,682277,665799,3916.8,3500.1,3102.3,3146.3,3454.2,6.73,6.27,5.3,5.9,6.93,11435,10418,8764,10666,10596,244,244.3,192.2,253.3,285.6,21.41,23.51,21.99,23.75,26.95,147464,150440,152581,154785,151317.5,156530,164818,168209,171553,165277.5,170727,171751,172707,180461,173911.5,177684,182001,183878,186226,182447.25,187846,191061,193172,188603,190170.5,3751351,3759481,3786527,3817059,3853118,3878051,13.93186967,13.77034468,13.82627806,13.73427486,9.975075563,9.716731027,9.679828771,9.753505582,3.956794109,4.05361365,4.146449293,3.980769273,1.332890185,1.604769118,1.508700516,1.472222377,1.674262736,2.350732931,3.599656175,1.132299656,3.007152921,3.955502049,5.108356691,2.604522033
OR,Oregon,4,9,1,0,975067,1002476,975044,991867,987145,393763,513597,496254,458848,479935,12716.1,14924.3,14994.4,14882.5,14866.2,19.2,22.37,22.78,22.2,22.29,102.8109863,97.26357539,101.725358,99.52392811,130.433027,96.62322794,92.46232776,104.5956395,117.3653872,100.4697038,99.25372139,99.89047539,116.5104167,101.8328118,97.45390694,100.4054054,59498,57460,61814,71299,72449,42556,35135,28259,38900,34238,0,0,0,0,0,72.7,64.7,55.6,78.4,87.3,1.71,1.84,1.97,2.01,2.55,157041,160949,159302,162551,161507,3478.4,3792.9,3834.9,4018.9,4110,22.15,23.57,24.07,24.72,25.45,628380,572458,575060,608017,588438,1114,1286,1476,2803,2977,0,0,26,165,183,297970,411131,375027,315785,335341,30542,42315,39410,33098,35262,242914,203607,220578,244025,225576,1677,1477.5,1337.9,1495.3,1498.4,7.09,7.45,6.2,6.23,6.76,5956,6208,5689,6013,6029,142.8,170.6,138.2,150.5,159.4,23.98,27.48,24.3,25.04,26.44,189636,189866,192428,193642,191393,201093,200090,198757,201130,200267.5,200835,199009,196294,191791,196982.25,195489,196760,198053,200629,197732.75,199042,201983,205688,206599,203328,3831074,3837083,3867644,3898684,3928068,3970239,11.78133891,11.56531117,11.50157818,11.44776976,8.448320103,8.479683063,8.355956596,8.430920702,3.333018808,3.085628112,3.145621581,3.016849054,1.571243212,1.55646272,1.728175366,1.737587562,2.957664821,3.376112881,2.489666212,5.740470711,4.528908033,4.932575601,4.217841577,7.478058273
PA,Pennsylvania,1,2,0,1,3752280,3725014,3623997,3826959,3902434,3064745,3870671,4730336,5873742,7087392,49095.9,55448.9,54238.3,54519.6,55665.8,19.74,22.8,22.97,21.67,21.44,99.27334847,97.28814442,105.6005013,101.9721925,126.2966739,122.2097151,124.1717713,120.6622967,112.9399807,97.81672856,100.5186372,102.1023632,115.5015198,100.745614,94.34044406,98.93862483,132240,143718,141507,154219,148961,1310670,1212984,1093178,1126118,1039161,1485775,1511491,1390644,1379262,1566449,3607.2,3685.4,3282.6,3358.7,3006.4,2.75,3.04,3,2.98,2.89,508265,507560,493750,499018,500498,15222.4,15382.9,14218.8,14242.2,14984.4,30.29,30.73,29.12,28.82,30.2,3469617,3412240,3324396,3472175,3486721,2018,2180,2162,2162,2162,0,0,0,0,0,22753,31258,21334,24088,25117,2332,3217,2242,2525,2641,909263,1000509,1079497,1176660,1257090,7209.8,7437.4,6576.7,7570.5,8819.3,8.73,8.51,7.09,7.63,8.19,55261,57268,48347,48235,48546,1554.5,1744.2,1456.2,1422.2,1516,28.19,30.46,30.12,29.49,31.23,573308,583501,594801,601493,588275.75,592926,603502,613422,619763,607403.25,621577,625166,630212,628307,626315.5,635227,644116,647403,654784,645382.5,660783,668407,677943,682520,672413.25,12702379,12711077,12743995,12770043,12781296,12787209,11.23288907,11.13990659,11.15284017,11.10991824,10.0379995,9.843208668,10.00495512,10.05925063,1.194889569,1.29669792,1.147885048,1.050667609,2.125548889,2.155754413,2.272757604,2.273109046,-0.546767261,-1.358703001,-2.483940274,-2.459901351,1.578781628,0.797051412,-0.21118267,-0.186792306
RI,Rhode Island,1,1,1,0,195314,185731,183879,199165,204459,3399,3419,2822,2627,4304,3689.9,3907.3,3844,4008,4203.7,23.63,26.16,26.59,26.21,26.34,95.09354168,99.00285897,108.3130754,102.6580976,100.5884084,82.53875402,93.09000709,163.8370765,105.8917586,98.37995547,104.2663892,104.8827345,110.7067287,101.6437309,98.57089131,100.4959939,6691,6265,5609,5458,7068,0,0,0,0,0,0,0,0,0,0,0,0,0,0,0,0,0,0,0,0,26611,26383,26301,26549,26078,1097.7,1008.3,982.1,1067.3,1178,41.25,38.22,37.34,40.2,45.17,184732,185371,178036,171472,178774,20,127,57,57,57,0,0,0,0,0,36,72,41,42,38,4,7,4,4,4,95710,102465,98435,88274,91259,840.2,813.1,670.3,755.2,854.7,8.92,8.02,6.88,8.67,9.67,1342,1469,1455,1711,1970,41.6,53.3,52.5,58.7,75.7,31.03,36.27,36.1,34.31,38.4,48642,49231,49736,49706,49328.75,48782,50259,50220,50464,49931.25,51191,51751,51897,51128,51491.75,52705,52338,52892,53299,52808.5,53956,54747,55442,56248,55098.25,1052567,1053078,1052020,1052637,1053354,1055173,10.45272002,10.45871132,10.29918931,10.35604477,9.27367752,8.850848381,8.925964071,9.051816742,1.179042496,1.607862944,1.373225242,1.304228023,3.780346568,3.993999972,4.106380322,4.069191431,-5.839158082,-5.02599711,-4.874664707,-3.212669318,-2.058811514,-1.031997138,-0.768284385,0.856522112
SC,South Carolina,3,5,1,0,1643912,1601881,1558766,1590456,1632085,649978,661898,646738,690644,675110,18661.9,21119.1,20946,21735.9,21875.7,18.52,21.36,21.83,21.99,21.74,97.44323297,97.30847672,102.0330184,102.6174254,101.8339082,97.70961689,106.7888388,97.75079491,113.1669337,99.1803628,103.7711258,100.6431756,115.3347732,102.2003745,100.7329363,98.8631196,101716,111632,117091,113934,122321,404966,366160,298572,257319,305656,0,0,0,0,0,1500.1,1410.6,1189.5,968.4,1115.3,3.7,3.85,3.98,3.76,3.65,281419,274627,265389,268190,278487,7003.9,7081.3,7079.7,7264.7,7889.8,24.89,25.78,26.68,27.09,28.33,1124533,1077992,1012652,975757,1021676,624,605,648,648,648,0,0,0,0,0,23185,15100,13515,30152,24432,2376,1554,1420,3160,2569,225961,235465,250482,236710,235860,1547.6,1432.6,1268.9,1458.2,1596,6.96,6.18,5.14,6.23,6.84,11209,9625,8411,8755,9741,306.3,274.1,214.3,227.7,274.8,27.32,28.47,25.48,26.01,28.21,161663,164812,166577,167896,165237,167821,171689,171863,173238,171152.75,175203,176012,176006,174515,175434,178386,177835,182201,185001,180855.75,183944,189468,191456,193754,189655.5,4625364,4636290,4673054,4722621,4771929,4832482,12.34737915,12.24478284,12.01531405,11.95304949,9.030496671,8.958164262,9.263840835,9.210351369,3.316882479,3.286618577,2.751473214,2.742698121,1.101688798,1.616488438,1.379317609,1.310647785,3.191202302,5.613008113,5.954363293,8.040888713,4.2928911,7.22949655,7.333680901,9.351536497
SD,South Dakota,2,4,0,0,378514,378470,375950,389619,391857,225387,248370,248616,236679,249789,3877.3,4596.4,4786.1,4771.3,4819.4,17.21,20.43,21.05,20.33,20.32,99.9883756,99.33416123,103.6358558,100.5744073,110.1971276,100.0990458,95.19861956,105.539148,118.5464112,104.127143,99.69077119,101.008111,118.7100523,103.0347528,96.57957245,99.95081161,63943,62472,58812,61515,62730,39061,32112,35574,34246,33062,0,0,0,0,0,77.8,69,80,71.2,71.7,1.99,2.15,2.25,2.08,2.17,38747,39851,40037,41660,42154,888.3,939.8,996.3,1081.4,1118.2,22.93,23.58,24.88,25.96,26.53,226232,218924,225164,231578,230463,1716,1962,1868,1868,1868,0,0,0,0,0,51110,64205,56915,38761,52288,5239,6608,5981,4063,5498,72926,73973,71501,83871,83464,441.1,451,376.1,462,549.3,6.63,6.77,5.87,6.09,7.11,7707,6744,6231,7501,6694,148.8,157.6,136,175,176.1,19.31,23.37,21.83,23.32,26.3,37081,37423,38593,39078,38043.75,41616,42145,42358,43694,42453.25,43595,43668,41457,44314,43258.5,44856,44755,44930,45097,44909.5,44139,45713,46060,46488,45600,814180,816192,824171,834504,845510,853175,14.37364778,14.35121407,14.47368891,14.38406768,8.898030497,8.960163986,8.14159882,8.115689489,5.475617287,5.391050085,6.33209009,6.268378187,1.5411223,1.815907275,1.751175883,1.706025543,2.449457833,5.243944715,5.197575735,0.661688306,3.990580134,7.05985199,6.948751618,2.367713849
TN,Tennessee,3,6,0,0,2247273,2195401,2080953,2132508,2194512,505731,506701,468757,544916,499501,25580.6,29861.2,28787.6,29033,29614.6,18.67,22.15,22.37,21.73,21.47,97.69178022,94.78692048,102.4774707,102.9075624,100.1918016,92.51156007,116.2470107,91.66568792,116.7337748,96.40469907,100.8524504,102.0032377,118.6395287,100.993228,97.13902548,98.80349747,91516,91048,96477,98518,101449,515464,481127,423086,399768,427509,45030,38576,28372,28376,21711,1419.1,1425.4,1204.3,1052,1127.7,2.75,2.96,2.85,2.63,2.64,353215,343702,328854,330773,341948,8851.1,9277.6,8860.3,8817.5,9379,25.3,27.26,27.23,26.81,27.59,1461432,1427048,1355061,1344036,1411675,205,199,213,213,213,0,0,0,0,0,79392,93037,78942,118721,84645,8138,9576,8296,12443,8901,263365,267929,281007,285308,311966,1997,1886.9,1578.8,1850,2232.9,8.13,7.61,6.01,6.82,7.48,14037,11999,9047,9879,10383,362.6,328.9,235.1,279.2,347.7,25.9,27.45,26.06,28.43,33.49,250985,253222,254940,258225,254343,258051,263172,267737,270870,264957.5,276349,281545,282013,283465,280843,288123,286435,289779,292728,289266.25,293318,298832,302215,305696,300015.25,6346105,6356628,6398389,6455177,6497269,6549352,12.32597338,12.4956763,12.38376134,12.29007879,9.44020694,9.433179866,9.546768232,9.452869061,2.88576644,3.062496431,2.836993105,2.837209727,1.243745892,1.443646067,1.417492881,1.404195002,2.452525152,4.286281332,2.089798328,3.757448001,3.696271044,5.729927399,3.50729121,5.161643003
TX,Texas,3,7,1,0,11687521,11906249,11931169,12660976,12899498,11412134,12571450,14180982,15688922,17597105,135014.3,163261.8,152010.2,158213.9,162555.8,17.36,20.55,19.1,19.08,19.05,101.8714662,100.2093019,106.1168105,101.8839148,110.1586259,112.8030736,110.6335372,112.1626138,120.9218579,93.108247,104.0811077,102.7443227,118.375576,92.94403893,99.89528796,99.8427673,179840,205461,200181,197910,214603,1568060,1695239,1498818,1597357,1585961,538258,605290,578697,564850,576803,2936.9,3212.5,2865.1,3189.5,3213.9,1.87,1.9,1.91,2,2.03,1223057,1283134,1245735,1292524,1329553,32698.3,33064.8,30604.4,32034.7,33991.3,27.69,26.64,25.33,25.67,26.49,10741110,10979933,11054960,11616497,11752655,2316,2488,2478,2478,2478,0,0,0,0,0,12310,5471,5562,4580,3670,1262,563,584,480,386,3689583,3800578,3964121,4143328,4219128,15761.4,14900.1,11266.1,14021.6,16884,5.18,4.73,3.52,4.46,5.22,1425319,1452532,1555977,1650880,1598099,24548.5,30956.3,23014.5,23641.4,24824.5,17.23,21.32,14.8,14.33,15.54,1230860,1235456,1256946,1282714,1251494,1315941,1346796,1358712,1382744,1351048.25,1422860,1424916,1440617,1474883,1440819,1496757,1513947,1543725,1554205,1527158.5,1570690,1600010,1624828,1612379,1601976.75,25145561,25245717,25657477,26094422,26505637,26956958,14.99890164,14.61229471,14.64625734,14.46940613,6.602925545,6.532359325,6.725657855,6.673637896,8.395976095,8.079935386,7.920599481,7.795768238,3.097330199,3.09318118,3.201213139,3.166213686,4.577944559,5.630981773,4.428284006,5.778507385,7.675274758,8.724162953,7.629497146,8.944721071
UT,Utah,4,8,0,0,756012,794058,790154,831668,797995,1073063,1128821,1118599,1122868,1170681,8387.3,10486,10604.7,11068.3,10755.3,16.89,20.04,20.96,20.52,20.71,105.0324598,99.50834826,105.2539125,95.95114878,105.1961534,99.09445342,100.3816381,104.258114,125.0223552,101.1319855,104.3716465,97.17210412,118.6500888,104.5908184,97.90076336,100.9259259,7712,9209,9560,10581,10562,356148,346181,322055,355230,344054,445692,453869,387129,385736,410997,608.3,622.7,629.5,727.6,726.3,1.71,1.8,1.95,2.05,2.11,95686,98467,101416,103977,102507,1925.4,2032.3,2303.4,2462,2487,20.45,20.98,23.1,23.97,24.57,847682,858627,829676,897843,875384,3449,4027,3993,3851,5769,277,330,335,319,522,6785,11952,7116,4818,6018,696,1230,748,505,633,229078,230672,232630,258909,252691,1184.8,1216.2,1063.6,1264.7,1348.3,6.25,6.5,5.86,6.29,6.81,4050,4911,4285,5084,4575,91.9,124.4,98.9,121,117,23.18,25.41,23.45,23.81,25.58,117276,117192,119459,122221,119037,123082,125114,126202,127588,125496.5,128307,128766,128594,130382,129012.25,132530,134108,136396,136655,134922.25,138263,139631,141451,142915,140565,2763885,2774346,2815324,2855194,2902787,2942902,18.57784091,17.79237805,17.99450189,17.60168904,5.370621164,5.456291647,5.345623753,5.236679543,13.20721975,12.3360864,12.64887814,12.3650095,1.748582653,1.790665333,1.888856528,1.869753933,-0.328820843,-0.030685027,1.920812174,-0.422533597,1.419761811,1.759980305,3.809668702,1.447220336
VT,Vermont,1,1,0,0,153697,150475,130412,137527,139897,80143,80677,77979,84188,85874,2783.6,3223.2,3227.9,3325.3,3274.9,23.75,27.86,29.2,28.29,27.6,97.90366761,86.66688819,105.4557863,101.723298,100.666309,96.65580029,107.9624001,102.0026607,115.7924989,100.1458178,103.0174417,98.48434728,117.3052632,104.8097631,96.88356164,97.56097561,19041,17194,16070,20794,20279,0,0,0,0,0,0,0,0,0,0,0,0,0,0,0,0,0,0,0,0,19090,18937,18803,19065,19004,740.8,765.9,783.6,816.6,811.5,38.81,40.44,41.68,42.83,42.7,90299,88836,84141,89119,90377,28,27,29,29,29,0,0,0,0,0,13140,13843,10555,12269,11177,1347,1425,1109,1286,1175,8502,8679,8290,9746,10848,97.3,98.9,91.8,101.6,112.8,11.47,11.46,11.23,10.52,10.52,9018,8271,9153,10391,10103,247.9,246.6,279.9,310,327.3,27.49,29.81,30.58,29.84,32.39,25715,26321,26729,26861,26406.5,26974,27413,27582,28289,27564.5,27949,28493,28282,27860,28146,28399,28512,28547,28985,28610.75,28909,29347,29983,30408,29661.75,625741,625792,626450,626138,626855,626562,9.664266172,9.727061093,9.541952748,9.58340281,8.677236509,8.711563579,8.426224249,8.357952701,0.987029664,1.015497514,1.1157285,1.22545011,1.007792424,1.087348753,1.150844418,1.14726384,-0.752250763,-2.604208247,-1.09817054,-2.471643515,0.255541661,-1.516859494,0.052673878,-1.324379676
VA,Virginia,3,5,1,0,2483360,2380922,2343908,2414477,2430205,1096973,1085234,1045095,1023009,979780,29847.2,33423.7,34366.7,34350.5,33979.6,19.12,22.25,22.69,22.04,21.66,95.87502416,98.44539216,103.010741,100.651404,98.92987339,96.30135068,97.8866993,95.77432848,111.9826985,102.8213513,99.95286135,98.92024861,116.3702929,101.9775281,97.1353019,98.27586207,119506,116144,118265,132138,150362,346161,288348,222270,290508,278183,564326,562805,493398,456766,393225,1222.3,1128.1,899,1051.9,961.6,3.53,3.91,4.04,3.62,3.46,388307,376099,367796,377066,382480,9893.7,9747.7,9779.5,9896.8,10284.3,25.48,25.92,26.59,26.25,26.89,1535604,1431388,1432460,1512226,1500290,1569,1764,1701,1701,1701,0,0,0,0,0,14636,11760,9933,11961,9084,1500,1210,1044,1254,955,385931,383527,424050,435247,437322,2996.1,2774.2,2426.8,2798.4,3280,8.11,7.67,5.98,6.7,7.77,21572,20844,18335,22539,21423,594.3,553.7,433.4,529.4,541.8,27.55,26.56,23.64,23.49,25.29,415453,422768,426396,429406,423505.75,424412,429933,434915,438585,431961.25,440943,444655,447075,445437,444527.5,449359,448981,452332,456838,451877.5,454862,461247,465027,467836,462243,8001024,8025376,8110188,8193422,8270345,8326289,12.68564272,12.60775988,12.53564874,12.48409768,7.491774071,7.384867523,7.52962551,7.529840087,5.193868649,5.222892353,5.006023227,4.954257592,3.643504497,4.399884443,4.195151693,4.098421403,1.331716697,0.603915329,0.304183119,-2.458329804,4.975221195,5.003799772,4.499334812,1.640091599
WA,Washington,4,9,1,0,2031428,2059630,2037127,2036309,2011941,907957,1101186,1108998,1003330,1027404,22762.2,27091.6,27632.5,26597.1,25804.2,18.33,21.54,21.79,21.51,21.11,101.3882845,98.90742512,99.95984541,98.80332504,121.2817347,100.7094169,90.47175919,102.39941,119.0201299,101.9965598,96.252963,97.01884792,117.512275,101.1606314,98.71500688,98.14039981,115340,114621,112884,119013,121119,94934,56951,42656,74955,76547,0,0,0,0,0,220.2,133.1,89.1,154.9,200.3,2.32,2.34,2.09,2.07,2.62,308376,319789,315052,316916,314384,5959.3,6294.2,6349.4,6521.4,6494.1,19.63,20.01,20.49,20.94,21.04,1115899,1042446,1049562,1113069,1092335,1013,1262,1136,1136,1136,0,0,0,0,0,666221,892101,851343,745678,755695,68288,91818,89464,78155,79463,294871,272261,271947,327840,319784,2484.4,2484.3,2260.5,2267.9,2157.9,8.97,9.77,9,8.02,7.83,15836,16604,16186,16138,14874,388.9,472.2,410.8,411.9,393.4,25.2,28.83,25.83,26.04,27.24,356513,361567,365000,365374,362113.5,366947,368903,372679,380618,372286.75,385283,390135,394757,390438,390153.25,397903,399366,405380,408507,402789,413350,420882,425047,431787,422766.5,6724540,6741911,6822112,6896325,6973742,7061530,12.78293321,12.64269392,12.67073908,12.53912286,7.347820038,7.206651895,7.387130863,7.446524727,5.435113167,5.436042021,5.283608219,5.092598134,2.969915342,3.408114204,3.455210418,3.396157908,3.446470122,1.962176887,2.250746157,3.998924994,6.416385463,5.370291091,5.705956575,7.395082903
WV,West Virginia,3,5,0,0,738821,726341,720985,743612,752942,3699729,3820203,3720223,3809750,4154063,7925.9,9023.6,8945.3,8940.3,8756.3,17.26,20.23,21.13,20.48,19.97,98.31082224,99.26260531,103.1383455,101.2546866,103.2562926,97.38286159,102.4064955,109.0376796,113.8495313,99.13227537,99.94410473,97.94190352,117.207416,104.4488384,96.92380502,97.50976563,25598,25409,24257,30008,30091,848129,822645,756716,771188,816460,3346117,3321102,3059090,2874653,2858022,2256.3,2227.1,2062.2,2021.9,2030.8,2.66,2.71,2.73,2.62,2.49,109293,106587,105148,107136,111559,2360.2,2430.5,2482,2483.3,2499.5,21.89,23.16,23.91,23.2,22.44,1165405,1138906,1083056,1113141,1163308,31,30,32,32,32,0,0,0,0,0,13340,14118,13622,16590,11811,1367,1453,1431,1739,1242,121780,124935,140133,153875,161661,700.3,624.5,542.5,595.8,678.4,8.42,7.87,7.2,6.95,7.38,4636,4323,4030,5866,4009,126.5,121.2,123.3,181.3,134.7,27.3,28.04,30.6,30.91,33.6,65013,65889,68108,68834,66961,68242,71133,71745,72445,70891.25,71383,71592,70676,70008,70914.75,71715,72647,73113,73575,72762.5,72529,74587,75365,75250,74432.75,1852994,1854176,1854982,1856313,1853595,1850326,11.03646704,11.14274128,11.15175902,11.05099164,11.81292358,11.58894672,11.66875297,11.73621144,-0.776456544,-0.446205435,-0.516993952,-0.685219798,0.557538935,0.609490757,0.631282501,0.628523125,0.586116849,0.562067957,-1.252861257,-1.484372912,1.143655784,1.171558715,-0.621578756,-0.855849787
WI,Wisconsin,2,3,0,1,1791199,1778018,1721543,1813458,1868867,329441,312552,333635,310413,298603,21593.9,24577.7,24139.9,24929.5,26448.1,18.48,20.97,21.41,20.43,20.74,99.2641242,96.82371045,105.3391057,103.0554333,94.87343713,106.7454376,93.03969907,96.1953913,113.8177911,98.21871046,103.2709332,106.0915783,113.474026,102.0982356,95.42269967,101.5173764,137892,136188,133110,134199,136809,458442,447370,373281,454554,417096,0,0,0,0,0,1026.9,1169.2,937.8,1108.9,1018.7,2.24,2.61,2.51,2.44,2.44,234583,234103,234814,235851,237116,6669.2,6943.9,7015.7,7256,7335.7,28.76,30.01,30.25,30.82,30.99,1361165,1359984,1283286,1418732,1437711,592,574,615,615,615,0,0,0,0,0,20603,20859,14486,18880,23507,2112,2147,1522,1979,2472,376627,399247,410305,453608,477923,3061.9,3028,2563,3011.4,3981.2,8.4,7.82,6.42,6.7,8.42,32179,32051,27669,36388,36344,647.4,734.9,573.3,814.5,928,20.22,22.99,20.77,22.39,25.58,247457,251607,255956,260184,253801,258653,261389,266145,268352,263634.75,270785,274923,274986,274825,273879.75,278337,279206,282486,286168,281549.25,284780,292386,296705,299494,293341.25,5686986,5689268,5708785,5724888,5742953,5757564,11.89308385,11.83206831,11.65555051,11.60556521,8.506540547,8.376660763,8.303393812,8.278236535,3.386543298,3.455407549,3.352156696,3.327328676,1.036492812,1.034663139,1.129419217,1.139079226,-1.094923844,-1.653886726,-1.369743442,-1.727052792,-0.058431032,-0.619223586,-0.240324225,-0.587973567
WY,Wyoming,4,8,0,0,540122,556548,550182,539146,535612,10536570,10353148,9611304,9233869,9361755,4524.9,5498.9,5728.4,5532.1,5841.2,15.16,18.01,18.52,18.41,18.7,103.0411648,98.85616335,97.99411831,99.34451892,98.25918681,92.83460451,96.07300945,101.3849666,121.5253376,104.173562,96.57321416,105.58739,118.7994723,102.8317601,99.40604752,101.5752309,3330,3974,4165,4694,4566,484239,467671,490128,520699,489300,7658286,7591675,6973727,6760447,6880205,636.2,710.2,724.1,813,797.9,1.31,1.52,1.48,1.56,1.63,58391,59429,57906,58187,58461,1035,1118,1189.9,1254.7,1294.7,18.27,19.39,21.19,22.24,22.87,805265,797726,821266,839683,803967,598,670,663,663,663,0,0,0,0,0,9989,11890,8502,6782,8261,1024,1224,893,711,869,154759,161776,158546,155960,141763,371.8,413.7,380.6,377.5,456.1,5.92,6.35,5.61,5.58,6.66,5226,5481,4817,5113,5442,115,139.7,103.3,118.6,135,22.17,25.55,21.52,23.2,24.8,38857,38678,39329,39509,39093.25,40372,42169,41591,42180,41578,40566,40420,39419,39231,39909,40400,40248,40711,40467,40456.5,40234,40940,41175,41153,40875.5,563626,564358,567631,576893,583223,584153,13.19447451,12.99754308,13.08662237,13.06519922,7.855200006,7.65558433,7.585448352,7.728443963,5.339274498,5.341958753,5.501174021,5.336755253,0.685519029,0.959350787,0.858534836,0.83092337,-0.362194332,9.651173763,4.54782108,-4.577788133,0.323324697,10.61052455,5.406355916,-3.746864763
DC,District of Columbia,3,5,0,0,190529,183806,172963,175560,178929,95,271,277,323,360,2497.5,2453,2218.2,2229.1,2320.3,25.76,26.66,25.5,24.63,24.96,96.4714033,94.10084546,101.5014772,101.9190021,285.2631579,102.2140221,116.6064982,111.4551084,98.21821822,90.42804729,100.4913894,104.0913373,103.4937888,95.64891223,96.58823529,101.3398295,1027,1028,819,855,920,71,48,77,4,48,0,0,0,0,0,0.2,0.2,0.2,0,0.1,2.63,3.26,3.08,3.15,3,40524,39450,38415,37824,38193,1586,1480.5,1334.7,1314,1355.9,39.14,37.53,34.74,34.74,35.5,58155,55887,49025,53357,55217,6,59,22,22,22,0,0,0,0,0,0,0,0,0,0,0,0,0,0,0,33717,33389,29389,34315,35316,415.8,377.2,316.3,375.1,411.3,12.41,11.91,11.18,11.43,12.11,21,18,27,25,24,0.6,0.5,0.7,0.7,0.8,28.26,29.64,27.11,28.24,32.28,101891,103826,104362,106100,104044.75,106695,107784,108895,108742,108029,109043,110318,109987,109692,109760,110783,111236,111672,113575,111816.5,116114,115837,116710,117496,116539.25,601723,605210,620427,635040,649111,658893,15.00607439,14.71006406,14.94372547,14.75071942,7.628686144,7.233961546,7.858888869,7.993859346,7.377388248,7.476102518,7.084836596,6.756860071,5.47307237,5.589951787,5.871583638,5.749217892,11.33288241,10.00583847,9.777666334,1.793572497,16.80595478,15.59579025,15.64924997,7.542790389
US,United States,,,,,97446021,96827465,94411432,97141368,98385210,74593106,77778786,79032062,81604540,87228228,1212094.3,1393001.3,1356103.6,1378359.7,1394974,18.92,21.88,21.85,21.45,21.33,99.36523216,97.5048061,102.8915312,101.2804452,104.2707432,101.611334,103.2549802,106.8913911,114.9251589,97.3512085,101.6411799,101.2053675,115.6448203,99.86288848,98.16933638,99.44055944,4235786,4290667,4249844,4464695,4611638,20828382,19663856,17380923,18038771,17996577,21831301,22057248,20585319,19901802,20170837,50473.7,50440.5,45245.1,45516.6,45118.9,2.42,2.57,2.6,2.52,2.51,12811519,12794475,12606145,12709249,12845157,365912.7,368009.4,360862.9,372069.5,389871.5,28.92,29.12,28.98,29.64,30.74,80891321,79487114,77530807,79551830,80425776,207979,212311,211592,214006,214490,15219,15316,15562,15775,15877,2538541,3102852,2628702,2562382,2466577,260203,319355,276240,268565,259367,24633507,25014983,26138351,26858134,27513198,161302.8,155943.5,132829.6,151611.5,174018.8,7.37,7.03,5.74,6.44,7.2,2820984,2838955,2911810,3166737,3090053,54706.5,65197.2,50772,55075,58652.3,19.45,23,17.47,17.42,19.03,14579022,14784606,14952364,15123098,14859772.5,15128729,15349071,15474065,15672136,15406000.25,15859934,16007959,16113944,16183122,16041239.75,16326315,16412452,16613305,16843109,16548795.25,16869739,17155192,17406986,17500643,17233140,308745538,309347057,311721632,314112078,316497531,318857056,12.79563781,12.58154023,12.54382408,12.45785293,8.090866742,7.994235402,8.146488615,8.165506484,4.704771069,4.587304829,4.397335468,4.292346441,2.941967664,3.051932118,3.168210524,3.135080852,,,,,2.941967664,3.051932118,3.168210524,3.135080852
